-- MySQL dump 10.13  Distrib 8.0.21, for Win64 (x86_64)
--
-- Host: localhost    Database: dbempresa
-- ------------------------------------------------------
-- Server version	8.0.21

/*!40101 SET @OLD_CHARACTER_SET_CLIENT=@@CHARACTER_SET_CLIENT */;
/*!40101 SET @OLD_CHARACTER_SET_RESULTS=@@CHARACTER_SET_RESULTS */;
/*!40101 SET @OLD_COLLATION_CONNECTION=@@COLLATION_CONNECTION */;
/*!50503 SET NAMES utf8 */;
/*!40103 SET @OLD_TIME_ZONE=@@TIME_ZONE */;
/*!40103 SET TIME_ZONE='+00:00' */;
/*!40014 SET @OLD_UNIQUE_CHECKS=@@UNIQUE_CHECKS, UNIQUE_CHECKS=0 */;
/*!40014 SET @OLD_FOREIGN_KEY_CHECKS=@@FOREIGN_KEY_CHECKS, FOREIGN_KEY_CHECKS=0 */;
/*!40101 SET @OLD_SQL_MODE=@@SQL_MODE, SQL_MODE='NO_AUTO_VALUE_ON_ZERO' */;
/*!40111 SET @OLD_SQL_NOTES=@@SQL_NOTES, SQL_NOTES=0 */;

--
-- Table structure for table `clientes`
--

DROP TABLE IF EXISTS `clientes`;
/*!40101 SET @saved_cs_client     = @@character_set_client */;
/*!50503 SET character_set_client = utf8mb4 */;
CREATE TABLE `clientes` (
  `id_cliente` int NOT NULL AUTO_INCREMENT,
  `nombres` varchar(60) DEFAULT NULL,
  `apellidos` varchar(60) DEFAULT NULL,
  `nit` varchar(12) DEFAULT NULL,
  `genero` varchar(30) DEFAULT NULL,
  `telefono` varchar(25) DEFAULT NULL,
  `correo_electronico` varchar(45) DEFAULT NULL,
  `fecha_ingreso` datetime DEFAULT NULL,
  PRIMARY KEY (`id_cliente`)
) ENGINE=InnoDB AUTO_INCREMENT=3 DEFAULT CHARSET=utf8mb4 COLLATE=utf8mb4_0900_ai_ci;
/*!40101 SET character_set_client = @saved_cs_client */;

--
-- Dumping data for table `clientes`
--

LOCK TABLES `clientes` WRITE;
/*!40000 ALTER TABLE `clientes` DISABLE KEYS */;
INSERT INTO `clientes` VALUES (1,'Juan','Pedro','3343342-9','Masculino','32123343','holi1@gmail.com','2020-01-01 09:23:12');
/*!40000 ALTER TABLE `clientes` ENABLE KEYS */;
UNLOCK TABLES;

--
-- Table structure for table `compras`
--

DROP TABLE IF EXISTS `compras`;
/*!40101 SET @saved_cs_client     = @@character_set_client */;
/*!50503 SET character_set_client = utf8mb4 */;
CREATE TABLE `compras` (
  `id_compra` int NOT NULL AUTO_INCREMENT,
  `no_orden_compra` int NOT NULL,
  `id_proveedor` int NOT NULL,
  `fecha_orden` date DEFAULT NULL,
  `fecha_ingreso` datetime DEFAULT NULL,
  PRIMARY KEY (`id_compra`),
  KEY `id_proveedor_compras_proveedores_idx` (`id_proveedor`),
  CONSTRAINT `id_proveedor_compras_proveedores` FOREIGN KEY (`id_proveedor`) REFERENCES `proveedores` (`id_proveedor`) ON UPDATE CASCADE
) ENGINE=InnoDB AUTO_INCREMENT=4 DEFAULT CHARSET=utf8mb4 COLLATE=utf8mb4_0900_ai_ci;
/*!40101 SET character_set_client = @saved_cs_client */;

--
-- Dumping data for table `compras`
--

LOCK TABLES `compras` WRITE;
/*!40000 ALTER TABLE `compras` DISABLE KEYS */;
INSERT INTO `compras` VALUES (1,1,1,'2020-09-08','2020-09-08 15:00:00'),(2,23,2,'2020-11-08','2022-09-08 21:00:00'),(3,45,3,'2020-11-30','2022-11-08 21:00:00');
/*!40000 ALTER TABLE `compras` ENABLE KEYS */;
UNLOCK TABLES;

--
-- Table structure for table `compras_detalle`
--

DROP TABLE IF EXISTS `compras_detalle`;
/*!40101 SET @saved_cs_client     = @@character_set_client */;
/*!50503 SET character_set_client = utf8mb4 */;
CREATE TABLE `compras_detalle` (
  `id_compras_detalle` bigint NOT NULL AUTO_INCREMENT,
  `id_compra` int NOT NULL,
  `id_producto` int NOT NULL,
  `cantidad` int DEFAULT NULL,
  `costo_precio_unitario` decimal(8,2) DEFAULT NULL,
  PRIMARY KEY (`id_compras_detalle`),
  KEY `id_producto_compras_detalle_productos_idx` (`id_producto`),
  KEY `id_compra_compras_detalle_compras_idx` (`id_compra`),
  CONSTRAINT `id_compra_compras_detalle_compras` FOREIGN KEY (`id_compra`) REFERENCES `compras` (`id_compra`) ON UPDATE CASCADE,
  CONSTRAINT `id_producto_compras_detalle_productos` FOREIGN KEY (`id_producto`) REFERENCES `productos` (`id_producto`) ON UPDATE CASCADE
) ENGINE=InnoDB AUTO_INCREMENT=3 DEFAULT CHARSET=utf8mb4 COLLATE=utf8mb4_0900_ai_ci;
/*!40101 SET character_set_client = @saved_cs_client */;

--
-- Dumping data for table `compras_detalle`
--

LOCK TABLES `compras_detalle` WRITE;
/*!40000 ALTER TABLE `compras_detalle` DISABLE KEYS */;
INSERT INTO `compras_detalle` VALUES (1,2,1,2,500.00),(2,2,2,3,200.00);
/*!40000 ALTER TABLE `compras_detalle` ENABLE KEYS */;
UNLOCK TABLES;

--
-- Table structure for table `empleados`
--

DROP TABLE IF EXISTS `empleados`;
/*!40101 SET @saved_cs_client     = @@character_set_client */;
/*!50503 SET character_set_client = utf8mb4 */;
CREATE TABLE `empleados` (
  `id_empleado` int NOT NULL AUTO_INCREMENT,
  `nombres` varchar(60) DEFAULT NULL,
  `apellidos` varchar(60) DEFAULT NULL,
  `direccion` varchar(80) DEFAULT NULL,
  `telefono` varchar(25) DEFAULT NULL,
  `DPI` varchar(15) DEFAULT NULL,
  `genero` varchar(30) DEFAULT NULL,
  `fecha_nacimiento` date DEFAULT NULL,
  `id_puesto` smallint DEFAULT NULL,
  `fecha_inicio_labores` date DEFAULT NULL,
  `fecha_ingreso` datetime DEFAULT NULL,
  PRIMARY KEY (`id_empleado`),
  KEY `id_puesto_empleados_puestos_idx` (`id_puesto`),
  CONSTRAINT `id_puesto_empleados_puestos` FOREIGN KEY (`id_puesto`) REFERENCES `puestos` (`id_puesto`) ON UPDATE CASCADE
) ENGINE=InnoDB AUTO_INCREMENT=9 DEFAULT CHARSET=utf8mb4 COLLATE=utf8mb4_0900_ai_ci;
/*!40101 SET character_set_client = @saved_cs_client */;

--
-- Dumping data for table `empleados`
--

LOCK TABLES `empleados` WRITE;
/*!40000 ALTER TABLE `empleados` DISABLE KEYS */;
INSERT INTO `empleados` VALUES (1,'Juan','alvarez','Guatemala','34345434','3329001321987','Masculino','1990-12-12',1,'2020-02-12','2020-02-12 00:00:00'),(2,'Bryan','jimenez','San lucas Sacatepequez','34345434','3443334576675','Masculino','1980-11-30',2,'2020-06-14','2020-06-14 15:00:45'),(3,'Lilian','Alburez','Chimaltenango','39393043','3929393234858','Femenino','1998-02-12',2,'2020-07-11','2020-07-11 17:00:45'),(4,'Sol','Rodriguez','Quiche','21123322','2121212110909','Femenino','2020-08-04',4,'2020-10-06','2020-10-07 00:25:00'),(5,'Marta','Elis','Chiquimula','21347856','1224895763009','Femenino','2020-09-28',1,'2020-09-29','2020-09-29 00:00:00'),(8,'Pedro','Picapiedra','Izabal','33213211','1232134230090','Masculino','2020-09-28',1,'2020-10-06','2020-10-06 00:00:00');
/*!40000 ALTER TABLE `empleados` ENABLE KEYS */;
UNLOCK TABLES;

--
-- Table structure for table `login`
--

DROP TABLE IF EXISTS `login`;
/*!40101 SET @saved_cs_client     = @@character_set_client */;
/*!50503 SET character_set_client = utf8mb4 */;
CREATE TABLE `login` (
  `login` varchar(40) NOT NULL,
  `contraseña` varchar(45) DEFAULT NULL,
  PRIMARY KEY (`login`)
) ENGINE=InnoDB DEFAULT CHARSET=utf8mb4 COLLATE=utf8mb4_0900_ai_ci;
/*!40101 SET character_set_client = @saved_cs_client */;

--
-- Dumping data for table `login`
--

LOCK TABLES `login` WRITE;
/*!40000 ALTER TABLE `login` DISABLE KEYS */;
/*!40000 ALTER TABLE `login` ENABLE KEYS */;
UNLOCK TABLES;

--
-- Table structure for table `marcas`
--

DROP TABLE IF EXISTS `marcas`;
/*!40101 SET @saved_cs_client     = @@character_set_client */;
/*!50503 SET character_set_client = utf8mb4 */;
CREATE TABLE `marcas` (
  `id_marca` smallint NOT NULL AUTO_INCREMENT,
  `marca` varchar(50) DEFAULT NULL,
  PRIMARY KEY (`id_marca`)
) ENGINE=InnoDB AUTO_INCREMENT=6 DEFAULT CHARSET=utf8mb4 COLLATE=utf8mb4_0900_ai_ci;
/*!40101 SET character_set_client = @saved_cs_client */;

--
-- Dumping data for table `marcas`
--

LOCK TABLES `marcas` WRITE;
/*!40000 ALTER TABLE `marcas` DISABLE KEYS */;
INSERT INTO `marcas` VALUES (1,'Sony'),(2,'Huawei'),(3,'RCA'),(4,'Samsung'),(5,'Adidas');
/*!40000 ALTER TABLE `marcas` ENABLE KEYS */;
UNLOCK TABLES;

--
-- Table structure for table `productos`
--

DROP TABLE IF EXISTS `productos`;
/*!40101 SET @saved_cs_client     = @@character_set_client */;
/*!50503 SET character_set_client = utf8mb4 */;
CREATE TABLE `productos` (
  `id_producto` int NOT NULL AUTO_INCREMENT,
  `producto` varchar(50) DEFAULT NULL,
  `id_marca` smallint NOT NULL,
  `descripcion` varchar(100) DEFAULT NULL,
  `imagen` varchar(30) DEFAULT NULL,
  `precio_costo` decimal(8,2) DEFAULT NULL,
  `precio_venta` decimal(8,2) DEFAULT NULL,
  `existencia` int NOT NULL,
  `fecha_ingreso` varchar(45) DEFAULT NULL,
  PRIMARY KEY (`id_producto`),
  KEY `id_marca_productos_marcas_idx` (`id_marca`),
  CONSTRAINT `id_marca_productos_marcas` FOREIGN KEY (`id_marca`) REFERENCES `marcas` (`id_marca`) ON UPDATE CASCADE
) ENGINE=InnoDB AUTO_INCREMENT=5 DEFAULT CHARSET=utf8mb4 COLLATE=utf8mb4_0900_ai_ci;
/*!40101 SET character_set_client = @saved_cs_client */;

--
-- Dumping data for table `productos`
--

LOCK TABLES `productos` WRITE;
/*!40000 ALTER TABLE `productos` DISABLE KEYS */;
INSERT INTO `productos` VALUES (1,'Televisor',1,'Tecnologia',NULL,500.00,2000.00,12,'2020-09-11'),(2,'Telefono',2,'Tecnologia',NULL,1000.00,5000.00,45,'2020-05-2'),(3,'Camisa ',5,'Deporte',NULL,200.00,450.00,45,'2020-12-12'),(4,'Radio',3,'Tecnologia',NULL,500.00,2000.00,26,'2020-12-12');
/*!40000 ALTER TABLE `productos` ENABLE KEYS */;
UNLOCK TABLES;

--
-- Table structure for table `proveedores`
--

DROP TABLE IF EXISTS `proveedores`;
/*!40101 SET @saved_cs_client     = @@character_set_client */;
/*!50503 SET character_set_client = utf8mb4 */;
CREATE TABLE `proveedores` (
  `id_proveedor` int NOT NULL AUTO_INCREMENT,
  `proveedor` varchar(60) DEFAULT NULL,
  `nit` varchar(12) DEFAULT NULL,
  `direccion` varchar(80) DEFAULT NULL,
  `telefono` varchar(25) DEFAULT NULL,
  PRIMARY KEY (`id_proveedor`)
) ENGINE=InnoDB AUTO_INCREMENT=6 DEFAULT CHARSET=utf8mb4 COLLATE=utf8mb4_0900_ai_ci;
/*!40101 SET character_set_client = @saved_cs_client */;

--
-- Dumping data for table `proveedores`
--

LOCK TABLES `proveedores` WRITE;
/*!40000 ALTER TABLE `proveedores` DISABLE KEYS */;
INSERT INTO `proveedores` VALUES (1,'Adidas','2233222-k','Guatemala','12231164'),(2,'Sony','4455667-k','EE.UU','22223333'),(3,'Apple','3333221.5','Guatemala','34342321'),(4,'Huawei','2233223-2','China','33443343');
/*!40000 ALTER TABLE `proveedores` ENABLE KEYS */;
UNLOCK TABLES;

--
-- Table structure for table `puestos`
--

DROP TABLE IF EXISTS `puestos`;
/*!40101 SET @saved_cs_client     = @@character_set_client */;
/*!50503 SET character_set_client = utf8mb4 */;
CREATE TABLE `puestos` (
  `id_puesto` smallint NOT NULL AUTO_INCREMENT,
  `puesto` varchar(50) DEFAULT NULL,
  PRIMARY KEY (`id_puesto`)
) ENGINE=InnoDB AUTO_INCREMENT=8 DEFAULT CHARSET=utf8mb4 COLLATE=utf8mb4_0900_ai_ci;
/*!40101 SET character_set_client = @saved_cs_client */;

--
-- Dumping data for table `puestos`
--

LOCK TABLES `puestos` WRITE;
/*!40000 ALTER TABLE `puestos` DISABLE KEYS */;
INSERT INTO `puestos` VALUES (1,'Programador'),(2,'Vendedor'),(3,'Supervisor/a'),(4,'Auditor'),(5,'Contador'),(7,'Intendente');
/*!40000 ALTER TABLE `puestos` ENABLE KEYS */;
UNLOCK TABLES;

--
-- Table structure for table `ventas`
--

DROP TABLE IF EXISTS `ventas`;
/*!40101 SET @saved_cs_client     = @@character_set_client */;
/*!50503 SET character_set_client = utf8mb4 */;
CREATE TABLE `ventas` (
  `id_venta` int NOT NULL AUTO_INCREMENT,
  `no_factura` int NOT NULL,
  `serie` char(1) DEFAULT NULL,
  `fecha_factura` date NOT NULL,
  `id_cliente` int NOT NULL,
  `id_empleado` int NOT NULL,
  `fecha_ingreso` datetime NOT NULL,
  PRIMARY KEY (`id_venta`),
  KEY `id_empleado_ventas_empleados_idx` (`id_empleado`),
  CONSTRAINT `id_empleado_ventas_empleados` FOREIGN KEY (`id_empleado`) REFERENCES `empleados` (`id_empleado`) ON UPDATE CASCADE
) ENGINE=InnoDB AUTO_INCREMENT=4 DEFAULT CHARSET=utf8mb4 COLLATE=utf8mb4_0900_ai_ci;
/*!40101 SET character_set_client = @saved_cs_client */;

--
-- Dumping data for table `ventas`
--

LOCK TABLES `ventas` WRITE;
/*!40000 ALTER TABLE `ventas` DISABLE KEYS */;
INSERT INTO `ventas` VALUES (1,2,'A','2020-01-19',1,1,'2020-12-12 15:00:45'),(2,4,'B','2020-04-13',2,3,'2020-11-12 15:00:50'),(3,5,'H','2020-05-13',3,2,'2020-08-12 15:00:40');
/*!40000 ALTER TABLE `ventas` ENABLE KEYS */;
UNLOCK TABLES;

--
-- Table structure for table `ventas_detalle`
--

DROP TABLE IF EXISTS `ventas_detalle`;
/*!40101 SET @saved_cs_client     = @@character_set_client */;
/*!50503 SET character_set_client = utf8mb4 */;
CREATE TABLE `ventas_detalle` (
  `id_venta_detalle` bigint NOT NULL AUTO_INCREMENT,
  `id_venta` int NOT NULL,
  `id_producto` int NOT NULL,
  `cantidad` varchar(45) DEFAULT NULL,
  `precio_unitario` decimal(8,2) DEFAULT NULL,
  PRIMARY KEY (`id_venta_detalle`),
  KEY `id_venta_ventas_detalle_ventas_idx` (`id_venta`),
  KEY `id_producto_ventas_detalle_productos_idx` (`id_producto`),
  CONSTRAINT `id_producto_ventas_detalle_productos` FOREIGN KEY (`id_producto`) REFERENCES `productos` (`id_producto`) ON UPDATE CASCADE,
  CONSTRAINT `id_venta_ventas_detalle_ventas` FOREIGN KEY (`id_venta`) REFERENCES `ventas` (`id_venta`) ON UPDATE CASCADE
) ENGINE=InnoDB DEFAULT CHARSET=utf8mb4 COLLATE=utf8mb4_0900_ai_ci;
/*!40101 SET character_set_client = @saved_cs_client */;

--
-- Dumping data for table `ventas_detalle`
--

LOCK TABLES `ventas_detalle` WRITE;
/*!40000 ALTER TABLE `ventas_detalle` DISABLE KEYS */;
/*!40000 ALTER TABLE `ventas_detalle` ENABLE KEYS */;
UNLOCK TABLES;
/*!40103 SET TIME_ZONE=@OLD_TIME_ZONE */;

/*!40101 SET SQL_MODE=@OLD_SQL_MODE */;
/*!40014 SET FOREIGN_KEY_CHECKS=@OLD_FOREIGN_KEY_CHECKS */;
/*!40014 SET UNIQUE_CHECKS=@OLD_UNIQUE_CHECKS */;
/*!40101 SET CHARACTER_SET_CLIENT=@OLD_CHARACTER_SET_CLIENT */;
/*!40101 SET CHARACTER_SET_RESULTS=@OLD_CHARACTER_SET_RESULTS */;
/*!40101 SET COLLATION_CONNECTION=@OLD_COLLATION_CONNECTION */;
/*!40111 SET SQL_NOTES=@OLD_SQL_NOTES */;

-- Dump completed on 2020-10-12  2:07:51
